Hypertensive chronic kidney disease, malignant, with chronic kidney disease stage V or end stage renal disease
Pneumonia, organism unspecified
Other primary cardiomyopathies
Acidosis
Systemic lupus erythematosus
Hyperpotassemia
Other iatrogenic hypotension
Thrombocytopenia, unspecified
Anemia in chronic kidney disease
Anemia of other chronic disease
Hypocalcemia
End stage renal disease
Nephritis and nephropathy, not specified as acute or chronic, in diseases classified elsewhere
Other and unspecified noninfectious gastroenteritis and colitis
Obstructive sleep apnea (adult)(pediatric)
Other chronic pain
Abdominal pain, unspecified site
Abnormal coagulation profile
Renal dialysis status
Subendocardial infarction, initial episode of care
Anemia, unspecified
Coronary atherosclerosis of native coronary artery
Polymyalgia rheumatica
Obstructive hydrocephalus
Esophageal reflux
Intermediate coronary syndrome
Pneumonia due to other gram-negative bacteria
Pure hypercholesterolemia
Tobacco use disorder
Malignant neoplasm of liver, secondary
Mitral valve disorders
Acute kidney failure with lesion of tubular necrosis
Other postoperative infection
Cellulitis and abscess of trunk
Unspecified pleural effusion
Urinary tract infection, site not specified
Congestive heart failure, unspecified
Toxic encephalopathy
Unspecified essential hypertension
Intestinal bypass or anastomosis status
Long-term (current) use of steroids
Friedl?nder's bacillus infection in conditions classified elsewhere and of unspecified site
Other specified disorders of pancreatic internal secretion
Adrenal cortical steroids causing adverse effects in therapeutic use
Single liveborn, born in hospital, delivered by cesarean section
Need for prophylactic vaccination and inoculation against viral hepatitis
Observation for suspected infectious condition
Cirrhosis of liver without mention of alcohol
7895
Chronic hepatitis C without mention of hepatic coma
Acute posthemorrhagic anemia
2765
Diabetes mellitus without mention of complication, type II or unspecified type, not stated as uncontrolled
Acute and subacute necrosis of liver
Chronic hepatitis C with hepatic coma
Alcoholic cirrhosis of liver
Acute kidney failure, unspecified
Hepatorenal syndrome
5118
Acquired coagulation factor deficiency
Other pulmonary insufficiency, not elsewhere classified
Unspecified septicemia
Iron deficiency anemia secondary to blood loss (chronic)
Unspecified protein-calorie malnutrition
Hyposmolality and/or hyponatremia
Severe sepsis
Other and unspecified alcohol dependence, in remission
Portal hypertension
Unspecified acquired hypothyroidism
Candidiasis of other urogenital sites
Single liveborn, born in hospital, delivered without mention of cesarean section
Other, mixed, or unspecified drug abuse, unspecified
Acute myocardial infarction of other anterior wall, initial episode of care
Thoracic aneurysm without mention of rupture
Chronic airway obstruction, not elsewhere classified
Unspecified viral hepatitis C without hepatic coma
Coronary atherosclerosis of autologous vein bypass graft
Atherosclerosis of native arteries of the extremities with intermittent claudication
Chronic kidney disease, Stage IV (severe)
Cardiac complications, not elsewhere classified
Atherosclerosis of aorta
Hypertensive chronic kidney disease, unspecified, with chronic kidney disease stage I through stage IV, or unspecified
Gout, unspecified
Atrial fibrillation
Personal history of malignant neoplasm of prostate
Personal history of malignant neoplasm of bronchus and lung
Infection with microorganisms resistant to penicillins
Perforation of intestine
Other specified intestinal obstruction
Obstructive chronic bronchitis with (acute) exacerbation
Disruption of internal operation (surgical) wound
Acute on chronic diastolic heart failure
Coronary atherosclerosis of unspecified type of vessel, native or graft
Aortocoronary bypass status
Hematoma complicating a procedure
Asthma, unspecified type, unspecified
Aortic valve disorders
Other chronic pulmonary heart diseases
Twin birth, mate liveborn, born in hospital, delivered by cesarean section
Extreme immaturity, 750-999 grams
Respiratory distress syndrome in newborn
7793
Neonatal jaundice associated with preterm delivery
Chronic respiratory disease arising in the perinatal period
27-28 completed weeks of gestation
Primary apnea of newborn
Neonatal bradycardia
Patent ductus arteriosus
Anemia of prematurity
Other specified conditions originating in the perinatal period
Retrolental fibroplasia
Secondary malignant neoplasm of other specified sites
Secondary malignant neoplasm of pleura
Personal history of malignant neoplasm of breast
Other "heavy-for-dates" infants
Observation for suspected genetic or metabolic condition
Other convulsions
Unspecified fall
5185
Unspecified osteomyelitis, other specified sites
Diabetes with neurological manifestations, type II or unspecified type, not stated as uncontrolled
Polyneuropathy in diabetes
Other preterm infants, 2,000-2,499 grams
35-36 completed weeks of gestation
Subarachnoid hemorrhage
Unspecified transient mental disorder in conditions classified elsewhere
Peripheral vascular disease, unspecified
Personal history of tobacco use
Mitral valve insufficiency and aortic valve insufficiency
Unspecified glaucoma
Sarcoidosis
Depressive disorder, not elsewhere classified
Other opiates and related narcotics causing adverse effects in therapeutic use
Atrial flutter
Thyrotoxicosis without mention of goiter or other cause, and without mention of thyrotoxic crisis or storm
Hypertrophy (benign) of prostate without urinary obstruction and other lower urinary tract symptom (LUTS)
Percutaneous transluminal coronary angioplasty status
Malignant neoplasm of kidney, except pelvis
Methicillin susceptible Staphylococcus aureus septicemia
Sepsis
Opioid type dependence, unspecified
Candidiasis of mouth
Alcohol abuse, unspecified
Cocaine abuse, unspecified
Motor vehicle traffic accident involving collision with pedestrian injuring pedestrian
Open wound of scalp, without mention of complication
Abnormality of gait
Other preterm infants, 2,500 grams and over
Other respiratory problems after birth
Intracerebral hemorrhage
Other persistent mental disorders due to conditions classified elsewhere
Accidental puncture or laceration during a procedure, not elsewhere classified
Hypopotassemia
Human immunodeficiency virus [HIV] disease
Chronic kidney disease, unspecified
2848
Systolic heart failure, unspecified
Other preterm infants, 1,750-1,999 grams
Neonatal hypoglycemia
Ventricular septal defect
Unspecified schizophrenia, unspecified
Suicide and self-inflicted poisoning by tranquilizers and other psychotropic agents
Other B-complex deficiencies
Acute myocardial infarction of anterolateral wall, initial episode of care
Personal history of malignant neoplasm of other parts of uterus
9973
Pulmonary collapse
Other nervous system complications
Mononeuritis of lower limb, unspecified
Diaphragmatic hernia without mention of obstruction or gangrene
Pure hyperglyceridemia
2740
Opioid type dependence, continuous
Poisoning by benzodiazepine-based tranquilizers
Paroxysmal ventricular tachycardia
Open wound of forehead, without mention of complication
Routine or ritual circumcision
Occlusion and stenosis of carotid artery without mention of cerebral infarction
Rheumatic heart failure (congestive)
Hypertensive chronic kidney disease, unspecified, with chronic kidney disease stage V or end stage renal disease
Ulcer of other part of foot
Other specified forms of chronic ischemic heart disease
Compression of brain
Nausea with vomiting
Constipation, unspecified
Myelodysplastic syndrome, unspecified
Dysthymic disorder
Other and unspecified hyperlipidemia
Hypertrophy (benign) of prostate with urinary obstruction and other lower urinary tract symptoms (LUTS)
Paralysis agitans
Personal history of other lymphatic and hematopoietic neoplasms
Heart valve replaced by other means
Chronic kidney disease, Stage III (moderate)
Other malignant lymphomas, unspecified site, extranodal and solid organ sites
Hemorrhage complicating a procedure
Anxiety state, unspecified
Other specified procedures as the cause of abnormal reaction of patient, or of later complication, without mention of misadventure at time of procedure
Other preterm infants, 1,250-1,499 grams
Intraventricular hemorrhage, grade I
Unspecified disease of pericardium
Other preterm infants, 1,500-1,749 grams
33-34 completed weeks of gestation
Regional enteritis of unspecified site
Acute respiratory failure
Defibrination syndrome
Extreme immaturity, 500-749 grams
Septicemia [sepsis] of newborn
25-26 completed weeks of gestation
Acute and chronic respiratory failure
Other specified cardiac dysrhythmias
Hypotension, unspecified
Atrioventricular block, complete
Closed fracture of sternum
4538
Pneumonia due to Pseudomonas
Traumatic pneumohemothorax without mention of open wound into thorax
Atherosclerosis of renal artery
Cerebral aneurysm, nonruptured
Other and unspecified angina pectoris
Personal history of other malignant neoplasm of skin
Pneumonitis due to inhalation of food or vomitus
Iatrogenic pneumothorax
Cardiac arrest
Anoxic brain damage
31-32 completed weeks of gestation
Secondary malignant neoplasm of brain and spinal cord
Malignant neoplasm of upper lobe, bronchus or lung
Loss of weight
Malignant neoplasm of bronchus and lung, unspecified
Unspecified fetal and neonatal jaundice
Other disturbances of temperature regulation of newborn
7806
Other shock without mention of trauma
Cellulitis and abscess of leg, except foot
Cachexia
Alkalosis
Bacteremia
Methicillin susceptible Staphylococcus aureus in conditions classified elsewhere and of unspecified site
Peripheral vascular complications, not elsewhere classified
2766
Disorders of phosphorus metabolism
Transitory tachypnea of newborn
29-30 completed weeks of gestation
Malignant neoplasm of head of pancreas
Calculus of gallbladder with other cholecystitis, without mention of obstruction
Peritoneal adhesions (postoperative) (postinfection)
Incisional hernia without mention of obstruction or gangrene
Surgical operation with anastomosis, bypass, or graft, with natural or artificial tissues used as implant causing abnormal patient reaction, or later complication, without mention of misadventure at time of operation
V721
Cardiogenic shock
Ostium secundum type atrial septal defect
Personal history of other diseases of circulatory system
Diabetes with other specified manifestations, type II or unspecified type, not stated as uncontrolled
Long-term (current) use of insulin
Long-term (current) use of other medications
Unspecified sleep apnea
Right bundle branch block
Closed fracture of second cervical vertebra
Accidental fall on or from other stairs or steps
Osteoporosis, unspecified
Blood in stool
Compression of vein
Other late effects of cerebrovascular disease
Other specified septicemias
Septic shock
Pressure ulcer, other site
Cellulitis and abscess of upper arm and forearm
Intestinal infection due to Clostridium difficile
Infection with microorganisms without mention of resistance to multiple drugs
Malignant neoplasm of prostate
Other specified surgical operations and procedures causing abnormal patient reaction, or later complication, without mention of misadventure at time of operation
3488
Major depressive affective disorder, single episode, unspecified
Benign neoplasm of cerebral meninges
Cerebral edema
Other acquired absence of organ
Unspecified hearing loss
Acute myocardial infarction of other inferior wall, initial episode of care
Diabetes with ketoacidosis, type I [juvenile type], not stated as uncontrolled
Old myocardial infarction
Unspecified disorder of kidney and ureter
Other left bundle branch block
Other complications due to other vascular device, implant, and graft
Primary pulmonary hypertension
Grand mal status
Postinflammatory pulmonary fibrosis
Macular degeneration (senile), unspecified
Antineoplastic and immunosuppressive drugs causing adverse effects in therapeutic use
5191
Morbid obesity
Other emphysema
Cardiac catheterization as the cause of abnormal reaction of patient, or of later complication, without mention of misadventure at time of procedure
Chronic systolic heart failure
Long-term (current) use of anticoagulants
Mitral valve insufficiency and aortic valve stenosis
Osteoarthrosis, unspecified whether generalized or localized, site unspecified
Iatrogenic pulmonary embolism and infarction
Other complications due to other cardiac device, implant, and graft
Personal history of malignant neoplasm of bladder
Other respiratory complications
Unspecified gastritis and gastroduodenitis, with hemorrhage
9974
Paralytic ileus
7708
Methicillin susceptible pneumonia due to Staphylococcus aureus
Pressure ulcer, buttock
Pneumonia due to escherichia coli [E. coli]
Retention of urine, unspecified
Pressure ulcer, lower back
Personal history of malignant neoplasm of large intestine
Ventricular fibrillation
Late effects of cerebrovascular disease, hemiplegia affecting unspecified side
Closed fracture of dorsal [thoracic] vertebra without mention of spinal cord injury
Multiple involvement of mitral and aortic valves
Family history of ischemic heart disease
Other specified disorders of biliary tract
Multiple myeloma, without mention of having achieved remission
Mechanical complication due to other implant and internal device, not elsewhere classified
Iron deficiency anemia, unspecified
Other constipation
Other sequelae of chronic liver disease
2841
Acute myocardial infarction of inferolateral wall, initial episode of care
Automatic implantable cardiac defibrillator in situ
Malignant neoplasm of other parts of bronchus or lung
Chronic or unspecified gastric ulcer with hemorrhage, without mention of obstruction
0414
Cardiac pacemaker in situ
Other multiple birth (three or more), mates all liveborn, born in hospital, delivered by cesarean section
2880
Dermatitis due to drugs and medicines taken internally
Complications of transplanted bone marrow
5672
2554
Disseminated candidiasis
Other septicemia due to gram-negative organisms
Rheumatoid arthritis
Calculus of gallbladder without mention of cholecystitis, without mention of obstruction
Accidents occurring in other specified places
Other and unspecified special symptoms or syndromes, not elsewhere classified
Acute and subacute bacterial endocarditis
Epilepsy, unspecified, without mention of intractable epilepsy
Other diseases of lung, not elsewhere classified
Other chest pain
Fever, unspecified
Rash and other nonspecific skin eruption
Personal history of venous thrombosis and embolism
4251
Nausea alone
Unspecified accident
V451
Secondary hyperparathyroidism (of renal origin)
Other ascites
Gastric ulcer, unspecified as acute or chronic, without mention of hemorrhage or perforation, without mention of obstruction
Personal history of transient ischemic attack (TIA), and cerebral infarction without residual deficits
Hypoxemia
Other postprocedural status
Personal history of noncompliance with medical treatment, presenting hazards to health
Carrier or suspected carrier of Methicillin resistant Staphylococcus aureus
Hyperparathyroidism, unspecified
Angioneurotic edema, not elsewhere classified
2874
Surgical operation with implant of artificial internal device causing abnormal patient reaction, or later complication,without mention of misadventure at time of operation
Other encephalopathy
Diarrhea
Infection and inflammatory reaction due to other vascular device, implant, and graft
Primary hypercoagulable state
Streptococcus infection in conditions classified elsewhere and of unspecified site, streptococcus, group D [Enterococcus]
Kidney dialysis as the cause of abnormal reaction of patient, or of later complication, without mention of misadventure at time of procedure
Methicillin resistant Staphylococcus aureus in conditions classified elsewhere and of unspecified site
Altered mental status
Headache
Awaiting organ transplant status
Malignant essential hypertension
Encounter for palliative care
Malignant neoplasm of liver, primary
Diabetes mellitus without mention of complication, type II or unspecified type, uncontrolled
Obesity, unspecified
Personal history of urinary calculi
Subdural hemorrhage following injury without mention of open intracranial wound, unspecified state of consciousness
Other specified complications of procedures not elsewhere classified
Other motor vehicle traffic accident involving collision on the highway injuring driver of motor vehicle other than motorcycle
Chronic obstructive asthma with (acute) exacerbation
Acute bronchitis
Nonspecific abnormal findings in stool contents
Cerebral embolism with cerebral infarction
Dysarthria
Chronic obstructive asthma, unspecified
Acute systolic heart failure
Do not resuscitate status
Gross hematuria
Anticoagulants causing adverse effects in therapeutic use
Pneumococcal pneumonia [Streptococcus pneumoniae pneumonia]
Secondary malignant neoplasm of lung
Esophageal varices in diseases classified elsewhere, with bleeding
Hematemesis
Hepatic encephalopathy
Acute venous embolism and thrombosis of deep vessels of proximal lower extremity
5997
Injury to bladder and urethra, without mention of open wound into cavity
Metabolic encephalopathy
Other disorders of plasma protein metabolism
Urinary catheterization as the cause of abnormal reaction of patient, or of later complication, without mention of misadventure at time of procedure
Alzheimer's disease
Dementia in conditions classified elsewhere without behavioral disturbance
Chronic or unspecified duodenal ulcer with hemorrhage, without mention of obstruction
Duodenitis, without mention of hemorrhage
Heart valve replaced by transplant
Closed fracture of one rib
Abdominal aneurysm without mention of rupture
Acute diastolic heart failure
Pressure ulcer, heel
Sinoatrial node dysfunction
Hemorrhage of gastrointestinal tract, unspecified
Acute myocardial infarction of unspecified site, initial episode of care
Esophagitis, unspecified
Ulcerative colitis, unspecified
Traumatic pneumothorax without mention of open wound into thorax
Embolism and thrombosis of other specified artery
Dehydration
Emphysema (subcutaneous) (surgical) resulting from procedure
Pulmonary congestion and hypostasis
Other motor vehicle traffic accident involving collision with motor vehicle injuring driver of motor vehicle other than motorcycle
7872
Encephalopathy, unspecified
Multiple sclerosis
Hypovolemia
Varices of other sites
Septicemia due to anaerobes
Other vascular complications of medical care, not elsewhere classified
Phlebitis and thrombophlebitis of superficial veins of upper extremities
Complications of transplanted liver
Glucocorticoid deficiency
Hyperosmolality and/or hypernatremia
Esophageal varices in diseases classified elsewhere, without mention of bleeding
Streptococcus infection in conditions classified elsewhere and of unspecified site, other streptococcus
Surgical operation with transplant of whole organ causing abnormal patient reaction, or later complication, without mention of misadventure at time of operation
Intraspinal abscess
Other and unspecified infection due to central venous catheter
Acute osteomyelitis, other specified sites
Staphylococcus infection in conditions classified elsewhere and of unspecified site, other staphylococcus
Other specified disorders of stomach and duodenum
Scoliosis [and kyphoscoliosis], idiopathic
Internal hemorrhoids with other complication
Ventilator associated pneumonia
Closed fracture of two ribs
Accidental fall from bed
Accidents occurring in residential institution
Liver replaced by transplant
Lumbago
Congenital insufficiency of aortic valve
Septicemia due to escherichia coli [E. coli]
Hydronephrosis
Streptococcal septicemia
Calculus of ureter
Urinary complications, not elsewhere classified
Diabetes mellitus without mention of complication, type I [juvenile type], not stated as uncontrolled
4582
Chronic pancreatitis
Acute vascular insufficiency of intestine
Acute cholecystitis
Unspecified hereditary and idiopathic peripheral neuropathy
Acute on chronic systolic heart failure
Enlargement of lymph nodes
Removal of other organ (partial) (total) causing abnormal patient reaction, or later complication, without mention of misadventure at time of operation
Acute myocardial infarction of inferoposterior wall, initial episode of care
Spinal stenosis, unspecified region
Other disorders of neurohypophysis
Cholangitis
Atherosclerosis of native arteries of the extremities with gangrene
Drug-induced delirium
Other and unspecified complications of medical care, not elsewhere classified
Benign neoplasm of colon
Drug induced neutropenia
Obstruction of bile duct
Backache, unspecified
Poisoning by aromatic analgesics, not elsewhere classified
Suicide and self-inflicted poisoning by analgesics, antipyretics, and antirheumatics
Accidents occurring in unspecified place
Bipolar disorder, unspecified
Attention deficit disorder with hyperactivity
Closed fracture of lumbar vertebra without mention of spinal cord injury
Occlusion and stenosis of multiple and bilateral precerebral arteries without mention of cerebral infarction
Stricture of artery
Other and unspecified coagulation defects
Atherosclerosis of native arteries of the extremities, unspecified
Subdural hemorrhage
Personal history of malignant neoplasm of kidney
Other specified antibiotics causing adverse effects in therapeutic use
Other malignant neoplasm without specification of site
Surgical or other procedure not carried out because of contraindication
Bronchiectasis without acute exacerbation
Acquired absence of kidney
Cerebral artery occlusion, unspecified with cerebral infarction
Diastolic heart failure, unspecified
Syncope and collapse
Closed fracture of seventh cervical vertebra
Knee joint replacement
Drug withdrawal
Chronic viral hepatitis B without mention of hepatic coma without mention of hepatitis delta
Alcohol abuse, continuous
Diverticulosis of colon with hemorrhage
Chest pain, unspecified
Gastroesophageal laceration-hemorrhage syndrome
Other and unspecified alcohol dependence, unspecified
Calculus of kidney
Subdural hemorrhage following injury without mention of open intracranial wound, with no loss of consciousness
Accidental fall from ladder
Other and unspecified postsurgical nonabsorption
Other malaise and fatigue
Diabetes with other specified manifestations, type II or unspecified type, uncontrolled
Aphasia
Fall from other slipping, tripping, or stumbling
Tachycardia, unspecified
Precipitous drop in hematocrit
Myalgia and myositis, unspecified
Peritoneal abscess
Other candidiasis of other specified sites
Other psoriasis
Combined systolic and diastolic heart failure, unspecified
Asbestosis
Systemic inflammatory response syndrome due to noninfectious process with acute organ dysfunction
Subendocardial infarction, subsequent episode of care
Hematuria, unspecified
Examination of participant in clinical trial
Bipolar I disorder, most recent episode (or current) unspecified
Ileostomy status
Dissection of aorta, thoracic
Chronic vascular insufficiency of intestine
Closed fracture of malar and maxillary bones
Closed fracture of orbital floor (blow-out)
2387
Personal history of malignant melanoma of skin
Diseases of tricuspid valve
Other pulmonary embolism and infarction
Secondary and unspecified malignant neoplasm of intrathoracic lymph nodes
Migraine, unspecified, without mention of intractable migraine without mention of status migrainosus
Personal history of malignant neoplasm of cervix uteri
Closed fracture of other facial bones
Empyema without mention of fistula
Delirium due to conditions classified elsewhere
Late effects of cerebrovascular disease, aphasia
Phlebitis and thrombophlebitis of upper extremities, unspecified
Raynaud's syndrome
Other abnormal blood chemistry
Opioid abuse, unspecified
Disorders of magnesium metabolism
Complications of transplanted kidney
Unspecified gastritis and gastroduodenitis, without mention of hemorrhage
Barrett's esophagus
Other complications due to renal dialysis device, implant, and graft
Unspecified intestinal obstruction
Mononeuritis of unspecified site
Hepatitis, unspecified
Contusion of lung without mention of open wound into thorax
Diabetes with renal manifestations, type II or unspecified type, not stated as uncontrolled
Below knee amputation status
Other toe(s) amputation status
Fitting and adjustment of cardiac pacemaker
Rhabdomyolysis
Traumatic shock
Open wound of lip, without mention of complication
Malignant neoplasm of lower lobe, bronchus or lung
Secondary malignant neoplasm of bone and bone marrow
Personal history of antineoplastic chemotherapy
Personal history of irradiation, presenting hazards to health
Other specified hypotension
Diverticulosis of colon (without mention of hemorrhage)
Urinary incontinence, unspecified
Arterial embolism and thrombosis of lower extremity
Lack of housing
7863
Herpes simplex without mention of complication
9980
Twin birth, mate liveborn, born in hospital, delivered without mention of cesarean section
Undiagnosed cardiac murmurs
Acute pancreatitis
Diabetes with renal manifestations, type I [juvenile type], not stated as uncontrolled
Paraplegia
Proteus (mirabilis) (morganii) infection in conditions classified elsewhere and of unspecified site
Epistaxis
Pneumonia due to Klebsiella pneumoniae
Leukocytosis, unspecified
Helicobacter pylori [H. pylori]
Mechanical complication of other vascular device, implant, and graft
Diabetes with neurological manifestations, type I [juvenile type], uncontrolled
Diabetes with renal manifestations, type I [juvenile type], uncontrolled
Diabetes with ophthalmic manifestations, type I [juvenile type], uncontrolled
Gangrene
Chronic diastolic heart failure
Home accidents
Other specified diseases of pancreas
Asymptomatic human immunodeficiency virus [HIV] infection status
Cyst and pseudocyst of pancreas
Calculus of gallbladder with acute cholecystitis, without mention of obstruction
Viral hepatitis B without mention of hepatic coma, acute or unspecified, without mention of hepatitis delta
Closed fracture of multiple ribs, unspecified
Closed fracture of sacrum and coccyx without mention of spinal cord injury
Aspergillosis
Diabetes with ketoacidosis, type I [juvenile type], uncontrolled
Other preterm infants, 1,000-1,249 grams
Disorder of bone and cartilage, unspecified
Other and unspecified alcohol dependence, continuous
Diaper or napkin rash
585
Suicide and self-inflicted poisoning by other specified drugs and medicinal substances
Stricture and stenosis of esophagus
Lumbosacral spondylosis without myelopathy
Adult failure to thrive
Hypercalcemia
Hemiplegia, unspecified, affecting unspecified side
Legal blindness, as defined in U.S.A.
Hypotension of hemodialysis
Electrolyte and fluid disorders not elsewhere classified
Gastrostomy status
Foreign body accidentally entering other orifice
Hemoperitoneum (nontraumatic)
Hemorrhage, unspecified
Personal history of alcoholism
Umbilical hernia without mention of obstruction or gangrene
Other alteration of consciousness
Other nonspecific abnormal serum enzyme levels
Chronic lymphoid leukemia, without mention of having achieved remission
Osteoarthrosis, unspecified whether generalized or localized, lower leg
Diabetes with ophthalmic manifestations, type II or unspecified type, not stated as uncontrolled
Background diabetic retinopathy
Atherosclerosis of native arteries of the extremities with ulceration
Cellulitis and abscess of foot, except toes
Ulcer of heel and midfoot
Quadriplegia, unspecified
Pressure ulcer, stage IV
Other chronic nonalcoholic liver disease
Insomnia, unspecified
Pseudomonas infection in conditions classified elsewhere and of unspecified site
First degree atrioventricular block
Volume depletion, unspecified
Street and highway accidents
Internal hemorrhoids without mention of complication
Diabetes with neurological manifestations, type I [juvenile type], not stated as uncontrolled
Unspecified cataract
Vascular dementia, uncomplicated
Cerebral atherosclerosis
Oliguria and anuria
Chronic respiratory failure
Tracheostomy status
Intestinal infection due to other organism, not elsewhere classified
Kidney replaced by transplant
Other abnormal glucose
Down's syndrome
Above knee amputation status
Gastroparesis
Diabetes with ophthalmic manifestations, type I [juvenile type], not stated as uncontrolled
Secondary and unspecified malignant neoplasm of intra-abdominal lymph nodes
Iatrogenic cerebrovascular infarction or hemorrhage
Hip joint replacement
Pain in joint, shoulder region
Acute alcoholic hepatitis
Candidiasis of vulva and vagina
7473
Acquired absence of both cervix and uterus
Colostomy status
Radiological procedure and radiotherapy as the cause of abnormal reaction of patient, or of later complication, without mention of misadventure at time of procedure
Other and unspecified mycoses
Fistula of intestine, excluding rectum and anus
Unspecified intellectual disabilities
Calculus of bile duct without mention of cholecystitis, without mention of obstruction
Unspecified deficiency anemia
Neutropenia, unspecified
Disruption of external operation (surgical) wound
Anemia in neoplastic disease
Secondary and unspecified malignant neoplasm of lymph nodes of head, face, and neck
Ulcer of other part of lower limb
Venous (peripheral) insufficiency, unspecified
Other respiratory abnormalities
Unspecified sinusitis (chronic)
Injury to liver without mention of open wound into cavity laceration, unspecified
Other apnea of newborn
Injury to other intra-abdominal organs without mention of open wound into cavity, peritoneum
Closed fracture of pubis
Intestinal or peritoneal adhesions with obstruction (postoperative) (postinfection)
Chronic total occlusion of coronary artery
Secondary malignant neoplasm of other digestive organs and spleen
7070
Alcohol withdrawal delirium
Syndrome of "infant of a diabetic mother"
Asthma, unspecified type, with (acute) exacerbation
Unspecified vitamin D deficiency
Alcohol withdrawal
Neoplasm related pain (acute) (chronic)
Hypertensive chronic kidney disease, benign, with chronic kidney disease stage I through stage IV, or unspecified
Angiodysplasia of stomach and duodenum with hemorrhage
Presence of cerebrospinal fluid drainage device
Acute osteomyelitis, ankle and foot
Candidiasis of skin and nails
Paroxysmal supraventricular tachycardia
Other esophagitis
Long-term (current) use of aspirin
Peptic ulcer of unspecified site, unspecified as acute or chronic, without mention of hemorrhage or perforation, without mention of obstruction
Other diseases of trachea and bronchus
Coma
Other disorders of muscle, ligament, and fascia
Irritable bowel syndrome
Cervical spondylosis without myelopathy
Arthrodesis status
Motor vehicle traffic accident due to loss of control, without collision on the highway, injuring driver of motor vehicle other than motorcycle
Infection and inflammatory reaction due to indwelling urinary catheter
Methicillin resistant Staphylococcus aureus septicemia
Diabetes with neurological manifestations, type II or unspecified type, uncontrolled
Orthostatic hypotension
Other second degree atrioventricular block
Acute edema of lung, unspecified
Hemorrhage of rectum and anus
Other specified retention of urine
Mixed acid-base balance disorder
Other transitory neonatal electrolyte disturbances
Interstitial emphysema and related conditions
Tricuspid valve disorders, specified as nonrheumatic
Restless legs syndrome (RLS)
Diverticulitis of colon (without mention of hemorrhage)
Closed fracture of base of skull with subarachnoid, subdural, and extradural hemorrhage, with loss of consciousness of unspecified duration
Closed fracture of clavicle, unspecified part
Closed fracture of nasal bones
Contusion of face, scalp, and neck except eye(s)
Dependence on respirator, status
Closed fracture of three ribs
Personal history of colonic polyps
Pressure ulcer, stage I
Pressure ulcer, stage II
Other specified bacterial infections in conditions classified elsewhere and of unspecified site, other gram-negative organisms
Nutritional marasmus
Heart disease, unspecified
Other hypothermia of newborn
Other diseases of spleen
Jaundice, unspecified, not of newborn
Cephalosporin group causing adverse effects in therapeutic use
Leukocytopenia, unspecified
Secondary malignant neoplasm of retroperitoneum and peritoneum
Laparoscopic surgical procedure converted to open procedure
Acute on chronic combined systolic and diastolic heart failure
Schizoaffective disorder, unspecified
Subarachnoid hemorrhage following injury without mention of open intracranial wound, unspecified state of consciousness
Bariatric surgery status
Chronic cholecystitis
Other specified gastritis, without mention of hemorrhage
Unspecified analgesic and antipyretic causing adverse effects in therapeutic use
Closed fracture of acetabulum
Diabetes with peripheral circulatory disorders, type II or unspecified type, not stated as uncontrolled
Calculus of bile duct without mention of cholecystitis, with obstruction
Closed fracture of intertrochanteric section of neck of femur
Myelopathy in other diseases classified elsewhere
Other drugs and medicinal substances causing adverse effects in therapeutic use
Family history of malignant neoplasm of gastrointestinal tract
Cyst of kidney, acquired
Pathologic fracture of vertebrae
Acute pericarditis, unspecified
Personal history of peptic ulcer disease
Nonspecific elevation of levels of transaminase or lactic acid dehydrogenase [LDH]
Aneurysm of artery of lower extremity
Candidal esophagitis
Nonspecific abnormal electrocardiogram [ECG] [EKG]
Spontaneous bacterial peritonitis
Spinal stenosis, lumbar region, without neurogenic claudication
Attention to tracheostomy
Foreign body in larynx
Acute venous embolism and thrombosis of deep vessels of distal lower extremity
Other specified disorders of liver
Persistent postoperative fistula
Other suppurative peritonitis
Inguinal hernia, without mention of obstruction or gangrene, unilateral or unspecified (not specified as recurrent)
Personal history of tuberculosis
Other accidental fall from one level to another
Unspecified psychosis
Arthropathy, unspecified, site unspecified
Pressure ulcer, unspecified stage
Other dependence on machines, supplemental oxygen
Family history of diabetes mellitus
Infection and inflammatory reaction due to cardiac device, implant, and graft
Portal vein thrombosis
Postsurgical hypothyroidism
Personal history of malignant neoplasm of thyroid
Diabetes with ketoacidosis, type II or unspecified type, uncontrolled
Acute alcoholic intoxication in alcoholism, continuous
Esophageal varices without mention of bleeding
Acquired absence of breast and nipple
Septicemia due to pseudomonas
Chronic ulcer of other specified sites
Other tracheostomy complications
Other acute and subacute forms of ischemic heart disease, other
Chronic kidney disease, Stage II (mild)
Late effects of motor vehicle accident
Alcohol abuse, in remission
Accidental cut, puncture, perforation or hemorrhage during surgical operation
Other staphylococcal septicemia
Mechanical complication of tracheostomy
Edema of larynx
Other conditions of brain
Dysphagia, oropharyngeal phase
Benzodiazepine-based tranquilizers causing adverse effects in therapeutic use
Foreign body in main bronchus
Pressure ulcer, stage III
Cardiac tamponade
Chronic total occlusion of artery of the extremities
Posttraumatic stress disorder
History of fall
Inhalation and ingestion of other object causing obstruction of respiratory tract or suffocation
Polycythemia vera
Benign essential hypertension
Unspecified vascular insufficiency of intestine
Bacterial pneumonia, unspecified
Other specified alveolar and parietoalveolar pneumonopathies
Personal history of pulmonary embolism
Other diuretics causing adverse effects in therapeutic use
Acute myeloid leukemia, without mention of having achieved remission
Carrier or suspected carrier of other specified bacterial diseases
Personal history of Methicillin resistant Staphylococcus aureus
Methicillin resistant pneumonia due to Staphylococcus aureus
Personal history, urinary (tract) infection
Subarachnoid hemorrhage following injury without mention of open intracranial wound, with no loss of consciousness
Personal history of malignant neoplasm of rectum, rectosigmoid junction, and anus
Occlusion and stenosis of carotid artery with cerebral infarction
5128
Ulcer of calf
Other and unspecified Escherichia coli [E. coli]
Edema
Diabetes with renal manifestations, type II or unspecified type, uncontrolled
Contact dermatitis and other eczema, unspecified cause
Other and unspecified agents primarily affecting the cardiovascular system causing adverse effects in therapeutic use
Acute pyelonephritis without lesion of renal medullary necrosis
Neurogenic bladder NOS
Other colostomy and enterostomy complication
Essential thrombocythemia
Cardiac rhythm regulators causing adverse effects in therapeutic use
Facial weakness
Acute respiratory failure following trauma and surgery
Other fluid overload
Malnutrition of moderate degree
Subdural hemorrhage following injury without mention of open intracranial wound, with loss of consciousness of unspecified duration
Panic disorder without agoraphobia
Secondary malignant neoplasm of adrenal gland
Unspecified drug or medicinal substance causing adverse effects in therapeutic use
Eosinophilia
Osteoarthrosis, localized, not specified whether primary or secondary, lower leg
Shock, unspecified
Secondary malignant neoplasm of small intestine including duodenum
Other amyloidosis
Other musculoskeletal symptoms referable to limbs
Suicidal ideation
Hypoglycemia, unspecified
Peripheral autonomic neuropathy in disorders classified elsewhere
Pain in limb
Physical restraints status
Penicillins causing adverse effects in therapeutic use
Fever presenting with conditions classified elsewhere
Essential and other specified forms of tremor
Other specified gastritis, with hemorrhage
Personal history of malignant neoplasm of ovary
Nontoxic uninodular goiter
Body Mass Index less than 19, adult
Acquired absence of intestine (large) (small)
Pressure ulcer, unstageable
Dysphagia, unspecified
Chronic combined systolic and diastolic heart failure
Surgical operation with formation of external stoma causing abnormal patient reaction, or later complication, without mention of misadventure at time of operation
Muscle weakness (generalized)
Other secondary thrombocytopenia
Other specified forms of effusion, except tuberculous
Other acute postoperative pain
Dementia, unspecified, without behavioral disturbance
Postprocedural fever
Other pancytopenia
Secondary diabetes mellitus without mention of complication, not stated as uncontrolled, or unspecified
Acute venous embolism and thrombosis of superficial veins of upper extremity
Other digestive system complications
Malignant pleural effusion
